"x","y","sampleID","abundance","occurrences"
117.5,195,1,18,1
10,52.5,2,17,1
12.5,15,3,3,1
82.5,157.5,4,6,1
180,190,5,2,1
35,112.5,6,5,1
182.5,105,7,38,1
185,190,8,9,1
175,172.5,9,29,1
182.5,32.5,10,50,1
197.5,137.5,11,15,1
117.5,175,12,12,1
95,27.5,13,2,1
132.5,105,14,8,1
82.5,80,15,6,1
20,55,16,44,1
17.5,162.5,17,7,1
175,195,18,6,1
45,2.5,19,17,1
15,185,20,6,1
17.5,25,21,17,1
82.5,117.5,22,2,1
167.5,57.5,23,22,1
182.5,117.5,24,7,1
47.5,55,25,48,1
20,22.5,26,28,1
10,42.5,27,12,1
157.5,35,28,41,1
160,152.5,29,3,1
110,92.5,30,23,1
67.5,97.5,31,10,1
45,42.5,32,30,1
62.5,40,33,14,1
157.5,97.5,34,2,1
112.5,145,35,3,1
105,62.5,36,20,1
197.5,70,37,9,1
130,65,38,4,1
120,65,39,19,1
77.5,67.5,40,19,1
125,75,41,4,1
45,22.5,42,4,1
27.5,132.5,43,15,1
87.5,27.5,44,8,1
85,95,45,48,1
147.5,22.5,46,19,1
10,57.5,47,44,1
40,80,48,11,1
15,120,49,13,1
72.5,140,50,3,1
112.5,40,51,14,1
17.5,70,52,55,1
30,25,53,5,1
137.5,45,54,11,1
147.5,50,55,24,1
147.5,110,56,7,1
92.5,90,57,46,1
100,165,58,2,0
62.5,125,59,2,1
115,90,60,55,1
5,197.5,61,5,1
80,157.5,62,3,0
37.5,35,63,7,1
45,132.5,64,19,1
70,142.5,65,7,1
170,100,66,24,1
102.5,127.5,67,3,1
67.5,5,68,28,1
190,32.5,69,21,1
45,112.5,70,24,1
177.5,157.5,71,27,1
185,157.5,72,44,1
167.5,92.5,73,19,1
130,185,74,10,1
167.5,122.5,75,7,1
80,95,76,66,1
90,180,77,35,1
122.5,190,78,12,1
125,10,79,42,1
5,57.5,80,52,1
77.5,145,81,8,1
177.5,167.5,82,34,1
127.5,92.5,83,10,1
155,190,84,32,1
97.5,122.5,85,22,1
40,157.5,86,37,1
52.5,187.5,87,24,1
120,87.5,88,19,1
100,127.5,89,6,1
140,10,90,49,1
25,125,91,22,1
150,17.5,92,22,1
62.5,82.5,93,11,1
140,50,94,15,1
155,187.5,95,34,1
10,65,96,60,1
170,172.5,97,37,1
165,107.5,98,25,1
17.5,160,99,5,1
102.5,147.5,100,11,1
102.5,167.5,101,1,1
20,80,102,55,1
167.5,25,103,18,1
35,15,104,4,1
62.5,42.5,105,11,1
185,180,106,29,1
112.5,112.5,107,33,1
85,112.5,108,21,1
12.5,90,109,65,1
112.5,80,110,39,1
97.5,85,111,34,1
155,35,112,36,1
180,30,113,52,1
107.5,187.5,114,0,0
57.5,2.5,115,14,1
157.5,50,116,9,1
152.5,175,117,52,1
142.5,175,118,8,1
25,127.5,119,32,1
197.5,135,120,9,1
7.5,90,121,42,1
57.5,177.5,122,45,1
72.5,122.5,123,7,1
30,92.5,124,18,1
57.5,10,125,3,1
77.5,25,126,5,1
147.5,130,127,13,1
35,162.5,128,13,1
45,195,129,64,1
135,107.5,130,27,1
105,162.5,131,4,1
197.5,72.5,132,15,1
142.5,157.5,133,21,1
80,142.5,134,10,1
167.5,152.5,135,17,1
120,192.5,136,17,1
45,20,137,12,1
167.5,2.5,138,11,1
185,55,139,19,1
47.5,67.5,140,29,1
100,167.5,141,0,0
162.5,95,142,14,1
85,32.5,143,0,0
82.5,110,144,35,1
95,80,145,26,1
187.5,87.5,146,15,1
57.5,192.5,147,25,1
92.5,135,148,13,1
187.5,32.5,149,30,1
147.5,90,150,0,0
45,62.5,151,24,1
100,45,152,3,1
42.5,135,153,18,1
137.5,32.5,154,35,1
102.5,100,155,30,1
167.5,110,156,38,1
25,112.5,157,55,1
195,130,158,4,1
45,135,159,13,1
72.5,87.5,160,29,1
42.5,77.5,161,7,1
192.5,180,162,32,1
40,160,163,36,1
47.5,175,164,19,1
22.5,12.5,165,13,1
100,192.5,166,7,1
42.5,122.5,167,11,1
80,77.5,168,24,1
167.5,70,169,14,1
135,77.5,170,2,1
10,110,171,55,1
182.5,95,172,19,1
157.5,122.5,173,4,1
10,47.5,174,6,1
185,25,175,20,1
37.5,72.5,176,4,1
157.5,115,177,4,1
5,177.5,178,18,1
97.5,127.5,179,10,1
85,82.5,180,15,1
65,40,181,18,1
90,60,182,35,1
140,7.5,183,43,1
122.5,150,184,12,1
92.5,132.5,185,6,1
185,170,186,41,1
12.5,157.5,187,1,0
35,110,188,1,0
197.5,145,189,7,1
47.5,35,190,27,1
190,112.5,191,23,1
152.5,127.5,192,15,1
122.5,120,193,41,1
55,80,194,3,1
52.5,47.5,195,15,1
65,107.5,196,22,1
105,27.5,197,4,1
122.5,85,198,3,1
152.5,102.5,199,5,1
147.5,85,200,3,1
97.5,97.5,201,29,1
57.5,165,202,61,1
165,97.5,203,4,1
180,185,204,22,1
10,50,205,10,1
120,75,206,8,1
82.5,75,207,24,1
27.5,195,208,16,1
92.5,35,209,6,1
60,40,210,18,1
130,162.5,211,22,1
102.5,142.5,212,2,1
100,95,213,45,1
25,160,214,7,1
35,22.5,215,4,1
5,60,216,52,1
40,35,217,17,1
42.5,85,218,1,1
57.5,55,219,14,1
147.5,142.5,220,4,1
47.5,5,221,15,1
95,20,222,2,1
150,80,223,3,1
37.5,85,224,7,1
70,60,225,14,1
120,187.5,226,11,1
57.5,140,227,8,1
30,62.5,228,36,1
35,57.5,229,56,1
47.5,150,230,2,1
137.5,105,231,25,1
97.5,12.5,232,18,1
172.5,140,233,3,1
142.5,60,234,3,1
177.5,7.5,235,55,1
187.5,22.5,236,31,1
5,120,237,40,1
70,197.5,238,30,1
85,140,239,7,1
177.5,30,240,44,1
137.5,182.5,241,17,1
107.5,160,242,3,1
110,22.5,243,5,1
80,170,244,25,1
15,97.5,245,38,1
30,120,246,23,1
10,100,247,51,1
192.5,112.5,248,32,1
190,102.5,249,41,1
177.5,152.5,250,23,1
27.5,177.5,251,8,1
167.5,180,252,48,1
12.5,102.5,253,69,1
182.5,180,254,36,1
110,100,255,27,1
132.5,102.5,256,12,1
100,27.5,257,1,1
17.5,182.5,258,8,1
175,107.5,259,55,1
175,55,260,21,1
190,92.5,261,24,1
22.5,127.5,262,21,1
17.5,192.5,263,10,1
80,167.5,264,33,1
12.5,120,265,9,1
95,127.5,266,8,1
45,77.5,267,3,1
197.5,162.5,268,12,1
5,7.5,269,25,1
190,180,270,19,1
167.5,12.5,271,32,1
102.5,85,272,55,1
162.5,22.5,273,17,1
130,117.5,274,43,1
167.5,112.5,275,45,1
72.5,125,276,14,1
180,17.5,277,20,1
50,27.5,278,5,1
32.5,155,279,24,1
82.5,160,280,17,1
110,37.5,281,21,1
15,87.5,282,42,1
2.5,102.5,283,29,1
67.5,40,284,17,1
180,152.5,285,26,1
120,135,286,31,1
35,97.5,287,10,1
7.5,27.5,288,18,1
42.5,172.5,289,20,1
7.5,160,290,7,1
160,57.5,291,23,1
117.5,105,292,33,1
95,85,293,39,1
187.5,80,294,21,1
82.5,10,295,25,1
120,5,296,14,1
67.5,110,297,22,1
142.5,195,298,18,1
162.5,122.5,299,20,1
177.5,185,300,22,1
122.5,155,301,15,1
132.5,20,302,30,1
32.5,102.5,303,13,1
12.5,25,304,16,1
182.5,37.5,305,44,1
162.5,85,306,8,1
157.5,147.5,307,6,1
95,170,308,9,0
177.5,80,309,40,1
130,172.5,310,9,1
82.5,155,311,3,1
5,72.5,312,46,1
87.5,142.5,313,7,1
167.5,117.5,314,12,1
107.5,35,315,9,1
160,160,316,57,1
197.5,20,317,2,1
25,195,318,17,1
165,32.5,319,53,1
42.5,130,320,30,1
35,95,321,21,1
67.5,157.5,322,52,1
57.5,32.5,323,5,1
102.5,67.5,324,25,1
52.5,5,325,12,1
175,155,326,34,1
172.5,37.5,327,47,1
162.5,137.5,328,13,1
140,42.5,329,34,1
120,2.5,330,14,1
162.5,160,331,39,1
155,120,332,5,1
82.5,102.5,333,22,1
172.5,52.5,334,26,1
45,50,335,44,1
37.5,20,336,3,1
182.5,112.5,337,23,1
117.5,130,338,22,1
70,42.5,339,12,1
35,107.5,340,6,1
5,135,341,6,1
95,52.5,342,4,1
72.5,195,343,47,1
72.5,92.5,344,11,1
80,90,345,46,1
185,195,346,24,1
157.5,120,347,7,1
112.5,130,348,43,1
72.5,165,349,14,1
40,150,350,10,1
5,105,351,47,1
115,152.5,352,19,1
70,137.5,353,8,1
90,2.5,354,51,1
95,72.5,355,46,1
67.5,197.5,356,15,1
5,40,357,11,1
112.5,137.5,358,25,1
147.5,180,359,15,1
2.5,65,360,65,1
95,180,361,16,1
82.5,177.5,362,7,1
127.5,172.5,363,10,1
7.5,125,364,13,1
15,80,365,53,1
145,80,366,7,1
35,27.5,367,8,1
5,37.5,368,14,1
127.5,97.5,369,22,1
45,67.5,370,20,1
55,192.5,371,28,1
192.5,82.5,372,29,1
50,82.5,373,4,0
157.5,185,374,43,1
80,52.5,375,11,1
47.5,177.5,376,11,1
185,45,377,15,1
137.5,122.5,378,30,1
37.5,107.5,379,10,1
92.5,125,380,9,1
52.5,82.5,381,1,0
15,187.5,382,2,1
57.5,145,383,8,1
60,15,384,7,1
55,145,385,13,1
55,180,386,31,1
130,85,387,6,1
55,125,388,17,1
45,97.5,389,7,1
185,62.5,390,11,1
175,170,391,44,1
22.5,70,392,64,1
182.5,162.5,393,19,1
75,177.5,394,36,1
112.5,45,395,2,1
2.5,160,396,20,1
195,22.5,397,8,1
25,172.5,398,4,1
50,130,399,3,1
132.5,70,400,2,1
